text,label
Esclarecimentos sobre multa aplicada ao imóvel.,FINANCIAL
Encaminho laudo médico para afastamento.,HEALTH
Possuo doença crônica e preciso de licença.,HEALTH
Solicito análise médica para concessão de direito.,HEALTH
Solicito histórico de consumo do imóvel 886609-3.,FINANCIAL
Paciente em tratamento oncológico solicita benefício.,HEALTH
Possuo doença crônica e preciso de licença.,HEALTH
Pedido de restituição de ICMS pago indevidamente.,FINANCIAL
Pedido de matrícula escolar para menor.,CHILD
Telefone de contato (61) 94678-1461 e CPF 341.495.183-57.,IDENTITY
Solicito informações sobre vacinação infantil.,CHILD
Solicito atualização cadastral com CPF 596.224.129-90.,IDENTITY
Estou em tratamento médico e solicito isenção.,HEALTH
Criança menor necessita atendimento prioritário.,CHILD
Solicito informações sobre vacinação infantil.,CHILD
Criança menor necessita atendimento prioritário.,CHILD
Requeiro cópia integral do processo administrativo.,LEGAL
Gostaria de saber se há vaga em escola pública.,CHILD
Paciente em tratamento oncológico solicita benefício.,HEALTH
Requeiro cópia integral do processo administrativo.,LEGAL
Solicito pagamento de nota fiscal pendente.,FINANCIAL
Encaminho RG e CPF de Pedro Lima para cadastro.,IDENTITY
Gostaria de saber o andamento do processo 46899-66/2021-60.,LEGAL
Solicito pagamento de nota fiscal pendente.,FINANCIAL
Solicito acesso ao processo SEI nº 98346-65/2017-23.,LEGAL
Encaminho documentos para acesso ao processo legal.,LEGAL
Documento pessoal de Maria Oliveira CPF 212.776.987-13.,IDENTITY
Solicito informações sobre vacinação infantil.,CHILD
Solicito informações sobre vacinação infantil.,CHILD
Meu filho menor de idade necessita de vaga em creche.,CHILD
Encaminho documentos para acesso ao processo legal.,LEGAL
Meu nome é João Silva e meu CPF é 956.611.711-78.,IDENTITY
Encaminho laudo médico para afastamento.,HEALTH
Solicito histórico de consumo do imóvel 839525-6.,FINANCIAL
Encaminho documentos para acesso ao processo legal.,LEGAL
Encaminho RG e CPF de Carlos Santos para cadastro.,IDENTITY
Possuo doença crônica e preciso de licença.,HEALTH
Esclarecimentos sobre multa aplicada ao imóvel.,FINANCIAL
Meu filho menor de idade necessita de vaga em creche.,CHILD
Solicito atualização cadastral com CPF 876.346.807-70.,IDENTITY
Requeiro cópia integral do processo administrativo.,LEGAL
Documento pessoal de Ana Costa CPF 218.199.340-78.,IDENTITY
Requeiro cópia integral do processo administrativo.,LEGAL
Pedido de matrícula escolar para menor.,CHILD
Requeiro cópia integral do processo administrativo.,LEGAL
Requeiro cópia integral do processo administrativo.,LEGAL
Pedido de matrícula escolar para menor.,CHILD
Estou em tratamento médico e solicito isenção.,HEALTH
Solicito revisão de débito financeiro.,FINANCIAL
Gostaria de saber se há vaga em escola pública.,CHILD
Solicito pagamento de nota fiscal pendente.,FINANCIAL
Criança menor necessita atendimento prioritário.,CHILD
Encaminho documentos para acesso ao processo legal.,LEGAL
Solicito pagamento de nota fiscal pendente.,FINANCIAL
Encaminho RG e CPF de João Silva para cadastro.,IDENTITY
Meu nome é Fernanda Rocha e meu CPF é 252.658.136-57.,IDENTITY
Solicito análise médica para concessão de direito.,HEALTH
Solicito atualização cadastral com CPF 579.641.357-80.,IDENTITY
Encaminho documentos para acesso ao processo legal.,LEGAL
Pedido de matrícula escolar para menor.,CHILD
Encaminho documentos para acesso ao processo legal.,LEGAL
Meu nome é Fernanda Rocha e meu CPF é 891.408.970-97.,IDENTITY
Solicito revisão de débito financeiro.,FINANCIAL
Solicito acesso ao processo SEI nº 12061-10/2023-80.,LEGAL
Estou em tratamento médico e solicito isenção.,HEALTH
Encaminho laudo médico para afastamento.,HEALTH
Possuo doença crônica e preciso de licença.,HEALTH
Meu filho menor de idade necessita de vaga em creche.,CHILD
Meu nome é João Silva e meu CPF é 269.911.414-86.,IDENTITY
Solicito histórico de consumo do imóvel 792829-4.,FINANCIAL
Solicito atualização cadastral com CPF 847.197.420-64.,IDENTITY
Solicito histórico de consumo do imóvel 739008-4.,FINANCIAL
Solicito revisão de débito financeiro.,FINANCIAL
Solicito análise médica para concessão de direito.,HEALTH
Solicito informações sobre a denúncia registrada.,LEGAL
Gostaria de saber o andamento do processo 57826-19/2020-94.,LEGAL
Possuo doença crônica e preciso de licença.,HEALTH
Solicito atualização cadastral com CPF 552.791.318-75.,IDENTITY
Solicito pagamento de nota fiscal pendente.,FINANCIAL
Solicito acesso ao processo SEI nº 63856-43/2021-93.,LEGAL
Paciente em tratamento oncológico solicita benefício.,HEALTH
Telefone de contato (61) 98025-6003 e CPF 561.553.404-85.,IDENTITY
Solicito informações sobre a denúncia registrada.,LEGAL
Encaminho RG e CPF de Fernanda Rocha para cadastro.,IDENTITY
Gostaria de saber o andamento do processo 46291-43/2019-34.,LEGAL
Pedido de restituição de ICMS pago indevidamente.,FINANCIAL
Meu filho menor de idade necessita de vaga em creche.,CHILD
Paciente em tratamento oncológico solicita benefício.,HEALTH
Paciente em tratamento oncológico solicita benefício.,HEALTH
Solicito acesso ao processo SEI nº 79603-34/2015-96.,LEGAL
Solicito informações sobre a denúncia registrada.,LEGAL
Solicito pagamento de nota fiscal pendente.,FINANCIAL
Esclarecimentos sobre multa aplicada ao imóvel.,FINANCIAL
Solicito acesso ao processo SEI nº 30214-58/2017-59.,LEGAL
Paciente em tratamento oncológico solicita benefício.,HEALTH
Pedido de restituição de ICMS pago indevidamente.,FINANCIAL
Estou em tratamento médico e solicito isenção.,HEALTH
Solicito atualização cadastral com CPF 356.567.965-48.,IDENTITY
Meu nome é Fernanda Rocha e meu CPF é 646.229.380-15.,IDENTITY
Solicito informações sobre vacinação infantil.,CHILD
Solicito análise médica para concessão de direito.,HEALTH
Encaminho documentos para acesso ao processo legal.,LEGAL
Solicito informações sobre vacinação infantil.,CHILD
Requeiro cópia integral do processo administrativo.,LEGAL
Solicito análise médica para concessão de direito.,HEALTH
Solicito análise médica para concessão de direito.,HEALTH
Solicito revisão de débito financeiro.,FINANCIAL
Gostaria de saber se há vaga em escola pública.,CHILD
Encaminho RG e CPF de João Silva para cadastro.,IDENTITY
Solicito informações sobre vacinação infantil.,CHILD
Solicito revisão de débito financeiro.,FINANCIAL
Meu filho menor de idade necessita de vaga em creche.,CHILD
Pedido de matrícula escolar para menor.,CHILD
Meu filho menor de idade necessita de vaga em creche.,CHILD
Encaminho RG e CPF de Maria Oliveira para cadastro.,IDENTITY
Solicito histórico de consumo do imóvel 152042-9.,FINANCIAL
Documento pessoal de Pedro Lima CPF 790.875.297-32.,IDENTITY
Criança menor necessita atendimento prioritário.,CHILD
Pedido de restituição de ICMS pago indevidamente.,FINANCIAL
Encaminho documentos para acesso ao processo legal.,LEGAL
Pedido de matrícula escolar para menor.,CHILD
Solicito histórico de consumo do imóvel 795781-6.,FINANCIAL
Estou em tratamento médico e solicito isenção.,HEALTH
Solicito acesso ao processo SEI nº 62163-74/2019-90.,LEGAL
Encaminho documentos para acesso ao processo legal.,LEGAL
Solicito histórico de consumo do imóvel 607938-1.,FINANCIAL
Esclarecimentos sobre multa aplicada ao imóvel.,FINANCIAL
Esclarecimentos sobre multa aplicada ao imóvel.,FINANCIAL
Solicito informações sobre vacinação infantil.,CHILD
Solicito informações sobre vacinação infantil.,CHILD
Solicito pagamento de nota fiscal pendente.,FINANCIAL
Gostaria de saber se há vaga em escola pública.,CHILD
Gostaria de saber o andamento do processo 69663-75/2020-17.,LEGAL
Meu filho menor de idade necessita de vaga em creche.,CHILD
Solicito pagamento de nota fiscal pendente.,FINANCIAL
Telefone de contato (61) 99031-2729 e CPF 449.112.969-63.,IDENTITY
Encaminho RG e CPF de Carlos Santos para cadastro.,IDENTITY
Solicito acesso ao processo SEI nº 53480-59/2017-98.,LEGAL
Encaminho RG e CPF de Fernanda Rocha para cadastro.,IDENTITY
Telefone de contato (61) 91659-3870 e CPF 121.883.788-44.,IDENTITY
Solicito atualização cadastral com CPF 869.353.960-91.,IDENTITY
Encaminho documentos para acesso ao processo legal.,LEGAL
Solicito análise médica para concessão de direito.,HEALTH
Encaminho documentos para acesso ao processo legal.,LEGAL
Meu filho menor de idade necessita de vaga em creche.,CHILD
Solicito informações sobre vacinação infantil.,CHILD
Criança menor necessita atendimento prioritário.,CHILD
Requeiro cópia integral do processo administrativo.,LEGAL
Gostaria de saber se há vaga em escola pública.,CHILD
Gostaria de saber o andamento do processo 22793-70/2017-43.,LEGAL
Estou em tratamento médico e solicito isenção.,HEALTH
Documento pessoal de Maria Oliveira CPF 740.410.729-78.,IDENTITY
Solicito informações sobre vacinação infantil.,CHILD
Esclarecimentos sobre multa aplicada ao imóvel.,FINANCIAL
Criança menor necessita atendimento prioritário.,CHILD
Pedido de restituição de ICMS pago indevidamente.,FINANCIAL
Gostaria de saber o andamento do processo 74437-99/2016-39.,LEGAL
Possuo doença crônica e preciso de licença.,HEALTH
Documento pessoal de Fernanda Rocha CPF 695.477.584-80.,IDENTITY
Gostaria de saber se há vaga em escola pública.,CHILD
Pedido de restituição de ICMS pago indevidamente.,FINANCIAL
Possuo doença crônica e preciso de licença.,HEALTH
Possuo doença crônica e preciso de licença.,HEALTH
Estou em tratamento médico e solicito isenção.,HEALTH
Pedido de matrícula escolar para menor.,CHILD
Estou em tratamento médico e solicito isenção.,HEALTH
Encaminho documentos para acesso ao processo legal.,LEGAL
Paciente em tratamento oncológico solicita benefício.,HEALTH
Gostaria de saber o andamento do processo 13597-59/2015-30.,LEGAL
Encaminho documentos para acesso ao processo legal.,LEGAL
Solicito acesso ao processo SEI nº 31093-84/2019-10.,LEGAL
Esclarecimentos sobre multa aplicada ao imóvel.,FINANCIAL
Encaminho RG e CPF de Maria Oliveira para cadastro.,IDENTITY
Solicito informações sobre vacinação infantil.,CHILD
Pedido de restituição de ICMS pago indevidamente.,FINANCIAL
Solicito informações sobre a denúncia registrada.,LEGAL
Encaminho documentos para acesso ao processo legal.,LEGAL
Solicito informações sobre a denúncia registrada.,LEGAL
Solicito informações sobre vacinação infantil.,CHILD
Possuo doença crônica e preciso de licença.,HEALTH
Solicito histórico de consumo do imóvel 450006-6.,FINANCIAL
Solicito análise médica para concessão de direito.,HEALTH
Requeiro cópia integral do processo administrativo.,LEGAL
Solicito revisão de débito financeiro.,FINANCIAL
Solicito informações sobre vacinação infantil.,CHILD
Documento pessoal de Ana Costa CPF 812.951.242-70.,IDENTITY
Requeiro cópia integral do processo administrativo.,LEGAL
Encaminho documentos para acesso ao processo legal.,LEGAL
Solicito informações sobre vacinação infantil.,CHILD
Encaminho laudo médico para afastamento.,HEALTH
Solicito informações sobre vacinação infantil.,CHILD
Gostaria de saber se há vaga em escola pública.,CHILD
Estou em tratamento médico e solicito isenção.,HEALTH
Solicito atualização cadastral com CPF 607.148.452-92.,IDENTITY
Solicito acesso ao processo SEI nº 79226-15/2018-37.,LEGAL
Pedido de restituição de ICMS pago indevidamente.,FINANCIAL
Solicito acesso ao processo SEI nº 81733-42/2022-99.,LEGAL
Solicito informações sobre a denúncia registrada.,LEGAL
Paciente em tratamento oncológico solicita benefício.,HEALTH
Solicito atualização cadastral com CPF 248.492.295-86.,IDENTITY
Documento pessoal de João Silva CPF 103.441.889-26.,IDENTITY
Solicito histórico de consumo do imóvel 788500-4.,FINANCIAL
Solicito análise médica para concessão de direito.,HEALTH
Pedido de restituição de ICMS pago indevidamente.,FINANCIAL
Meu filho menor de idade necessita de vaga em creche.,CHILD
Solicito pagamento de nota fiscal pendente.,FINANCIAL
Solicito atualização cadastral com CPF 568.346.320-84.,IDENTITY
Meu filho menor de idade necessita de vaga em creche.,CHILD
Solicito revisão de débito financeiro.,FINANCIAL
Solicito informações sobre vacinação infantil.,CHILD
Encaminho RG e CPF de Maria Oliveira para cadastro.,IDENTITY
Telefone de contato (61) 97338-7116 e CPF 499.994.581-15.,IDENTITY
Solicito informações sobre vacinação infantil.,CHILD
Solicito informações sobre vacinação infantil.,CHILD
Encaminho laudo médico para afastamento.,HEALTH
Gostaria de saber o andamento do processo 91675-16/2024-16.,LEGAL
Solicito análise médica para concessão de direito.,HEALTH
Encaminho documentos para acesso ao processo legal.,LEGAL
Gostaria de saber se há vaga em escola pública.,CHILD
Encaminho laudo médico para afastamento.,HEALTH
Solicito informações sobre a denúncia registrada.,LEGAL
Estou em tratamento médico e solicito isenção.,HEALTH
Gostaria de saber se há vaga em escola pública.,CHILD
Telefone de contato (61) 98022-3223 e CPF 778.127.185-92.,IDENTITY
Gostaria de saber se há vaga em escola pública.,CHILD
Telefone de contato (61) 97924-6574 e CPF 928.990.106-30.,IDENTITY
Solicito histórico de consumo do imóvel 246740-1.,FINANCIAL
Requeiro cópia integral do processo administrativo.,LEGAL
Pedido de matrícula escolar para menor.,CHILD
Solicito revisão de débito financeiro.,FINANCIAL
Solicito informações sobre a denúncia registrada.,LEGAL
Pedido de matrícula escolar para menor.,CHILD
Solicito histórico de consumo do imóvel 857750-9.,FINANCIAL
Pedido de restituição de ICMS pago indevidamente.,FINANCIAL
Encaminho RG e CPF de Maria Oliveira para cadastro.,IDENTITY
Documento pessoal de Maria Oliveira CPF 798.355.782-23.,IDENTITY
Requeiro cópia integral do processo administrativo.,LEGAL
Meu filho menor de idade necessita de vaga em creche.,CHILD
Meu nome é Ana Costa e meu CPF é 452.817.165-79.,IDENTITY
Solicito acesso ao processo SEI nº 91631-87/2017-63.,LEGAL
Solicito atualização cadastral com CPF 467.967.452-87.,IDENTITY
Gostaria de saber o andamento do processo 57139-75/2022-69.,LEGAL
Solicito pagamento de nota fiscal pendente.,FINANCIAL
Estou em tratamento médico e solicito isenção.,HEALTH
Solicito informações sobre a denúncia registrada.,LEGAL
Solicito atualização cadastral com CPF 994.781.868-64.,IDENTITY
Esclarecimentos sobre multa aplicada ao imóvel.,FINANCIAL
Encaminho RG e CPF de João Silva para cadastro.,IDENTITY
Encaminho RG e CPF de Fernanda Rocha para cadastro.,IDENTITY
Requeiro cópia integral do processo administrativo.,LEGAL
Solicito atualização cadastral com CPF 638.567.115-28.,IDENTITY
Gostaria de saber se há vaga em escola pública.,CHILD
Estou em tratamento médico e solicito isenção.,HEALTH
Solicito informações sobre vacinação infantil.,CHILD
Gostaria de saber o andamento do processo 28096-94/2016-39.,LEGAL
Encaminho documentos para acesso ao processo legal.,LEGAL
Esclarecimentos sobre multa aplicada ao imóvel.,FINANCIAL
Meu filho menor de idade necessita de vaga em creche.,CHILD
Solicito informações sobre vacinação infantil.,CHILD
Meu nome é Ana Costa e meu CPF é 384.564.750-56.,IDENTITY
Solicito análise médica para concessão de direito.,HEALTH
Solicito pagamento de nota fiscal pendente.,FINANCIAL
Solicito atualização cadastral com CPF 201.953.601-88.,IDENTITY
Gostaria de saber o andamento do processo 76692-10/2015-11.,LEGAL
Requeiro cópia integral do processo administrativo.,LEGAL
Criança menor necessita atendimento prioritário.,CHILD
Encaminho laudo médico para afastamento.,HEALTH
Solicito acesso ao processo SEI nº 14804-80/2019-79.,LEGAL
Solicito análise médica para concessão de direito.,HEALTH
Requeiro cópia integral do processo administrativo.,LEGAL
Pedido de restituição de ICMS pago indevidamente.,FINANCIAL
Meu nome é Carlos Santos e meu CPF é 689.539.687-61.,IDENTITY
Meu filho menor de idade necessita de vaga em creche.,CHILD
Solicito acesso ao processo SEI nº 30707-66/2022-10.,LEGAL
Solicito pagamento de nota fiscal pendente.,FINANCIAL
Encaminho RG e CPF de Maria Oliveira para cadastro.,IDENTITY
Telefone de contato (61) 91550-8314 e CPF 346.311.168-22.,IDENTITY
Paciente em tratamento oncológico solicita benefício.,HEALTH
Solicito atualização cadastral com CPF 779.911.940-93.,IDENTITY
Encaminho laudo médico para afastamento.,HEALTH
Esclarecimentos sobre multa aplicada ao imóvel.,FINANCIAL
Encaminho laudo médico para afastamento.,HEALTH
Solicito informações sobre a denúncia registrada.,LEGAL
Gostaria de saber o andamento do processo 32833-81/2024-55.,LEGAL
Requeiro cópia integral do processo administrativo.,LEGAL
Estou em tratamento médico e solicito isenção.,HEALTH
Encaminho documentos para acesso ao processo legal.,LEGAL
Solicito histórico de consumo do imóvel 788784-4.,FINANCIAL
Encaminho documentos para acesso ao processo legal.,LEGAL
Meu filho menor de idade necessita de vaga em creche.,CHILD
Solicito informações sobre vacinação infantil.,CHILD
Encaminho laudo médico para afastamento.,HEALTH
Solicito histórico de consumo do imóvel 456637-8.,FINANCIAL
Solicito pagamento de nota fiscal pendente.,FINANCIAL
Requeiro cópia integral do processo administrativo.,LEGAL
Solicito histórico de consumo do imóvel 608205-9.,FINANCIAL
Criança menor necessita atendimento prioritário.,CHILD
Solicito histórico de consumo do imóvel 661091-1.,FINANCIAL
Meu nome é Maria Oliveira e meu CPF é 941.132.924-50.,IDENTITY
Solicito atualização cadastral com CPF 836.590.638-62.,IDENTITY
Solicito histórico de consumo do imóvel 985049-2.,FINANCIAL
Solicito pagamento de nota fiscal pendente.,FINANCIAL
Solicito pagamento de nota fiscal pendente.,FINANCIAL
Solicito histórico de consumo do imóvel 995706-1.,FINANCIAL
Encaminho laudo médico para afastamento.,HEALTH
Pedido de matrícula escolar para menor.,CHILD
Solicito informações sobre a denúncia registrada.,LEGAL
Solicito histórico de consumo do imóvel 255544-6.,FINANCIAL
Pedido de matrícula escolar para menor.,CHILD
Esclarecimentos sobre multa aplicada ao imóvel.,FINANCIAL
Pedido de restituição de ICMS pago indevidamente.,FINANCIAL
Solicito revisão de débito financeiro.,FINANCIAL
Solicito histórico de consumo do imóvel 981723-4.,FINANCIAL
Estou em tratamento médico e solicito isenção.,HEALTH
Solicito pagamento de nota fiscal pendente.,FINANCIAL
Solicito revisão de débito financeiro.,FINANCIAL
Solicito informações sobre a denúncia registrada.,LEGAL
Solicito informações sobre a denúncia registrada.,LEGAL
Solicito análise médica para concessão de direito.,HEALTH
Requeiro cópia integral do processo administrativo.,LEGAL
Documento pessoal de João Silva CPF 389.843.405-85.,IDENTITY
Meu nome é João Silva e meu CPF é 787.752.515-56.,IDENTITY
Encaminho documentos para acesso ao processo legal.,LEGAL
Possuo doença crônica e preciso de licença.,HEALTH
Possuo doença crônica e preciso de licença.,HEALTH
Solicito histórico de consumo do imóvel 666836-8.,FINANCIAL
Gostaria de saber o andamento do processo 97797-53/2023-76.,LEGAL
Pedido de restituição de ICMS pago indevidamente.,FINANCIAL
Paciente em tratamento oncológico solicita benefício.,HEALTH
Encaminho RG e CPF de Carlos Santos para cadastro.,IDENTITY
Estou em tratamento médico e solicito isenção.,HEALTH
Gostaria de saber o andamento do processo 62872-27/2023-82.,LEGAL
Estou em tratamento médico e solicito isenção.,HEALTH
Possuo doença crônica e preciso de licença.,HEALTH
Meu nome é João Silva e meu CPF é 859.381.350-38.,IDENTITY
Solicito informações sobre a denúncia registrada.,LEGAL
Possuo doença crônica e preciso de licença.,HEALTH
Pedido de restituição de ICMS pago indevidamente.,FINANCIAL
Criança menor necessita atendimento prioritário.,CHILD
Esclarecimentos sobre multa aplicada ao imóvel.,FINANCIAL
Pedido de restituição de ICMS pago indevidamente.,FINANCIAL
Solicito revisão de débito financeiro.,FINANCIAL
Meu nome é Pedro Lima e meu CPF é 591.274.636-90.,IDENTITY
Documento pessoal de Pedro Lima CPF 587.613.254-17.,IDENTITY
Solicito acesso ao processo SEI nº 87207-99/2024-22.,LEGAL
Esclarecimentos sobre multa aplicada ao imóvel.,FINANCIAL
Solicito pagamento de nota fiscal pendente.,FINANCIAL
Gostaria de saber se há vaga em escola pública.,CHILD
Documento pessoal de Maria Oliveira CPF 721.921.460-38.,IDENTITY
Gostaria de saber se há vaga em escola pública.,CHILD
Telefone de contato (61) 97846-3880 e CPF 840.970.138-32.,IDENTITY
Requeiro cópia integral do processo administrativo.,LEGAL
Solicito informações sobre vacinação infantil.,CHILD
Documento pessoal de Fernanda Rocha CPF 703.777.923-35.,IDENTITY
Encaminho documentos para acesso ao processo legal.,LEGAL
Telefone de contato (61) 96517-3147 e CPF 955.856.639-14.,IDENTITY
Gostaria de saber o andamento do processo 58418-33/2022-15.,LEGAL
Solicito revisão de débito financeiro.,FINANCIAL
Solicito informações sobre a denúncia registrada.,LEGAL
Telefone de contato (61) 91599-4131 e CPF 934.656.584-42.,IDENTITY
Pedido de restituição de ICMS pago indevidamente.,FINANCIAL
Pedido de restituição de ICMS pago indevidamente.,FINANCIAL
Encaminho RG e CPF de Carlos Santos para cadastro.,IDENTITY
Solicito revisão de débito financeiro.,FINANCIAL
Documento pessoal de Pedro Lima CPF 838.420.294-30.,IDENTITY
Encaminho RG e CPF de Carlos Santos para cadastro.,IDENTITY
Solicito análise médica para concessão de direito.,HEALTH
Solicito atualização cadastral com CPF 491.559.990-58.,IDENTITY
Encaminho documentos para acesso ao processo legal.,LEGAL
Criança menor necessita atendimento prioritário.,CHILD
Meu nome é João Silva e meu CPF é 240.830.441-70.,IDENTITY
Encaminho laudo médico para afastamento.,HEALTH
Telefone de contato (61) 92402-9576 e CPF 346.684.526-33.,IDENTITY
Encaminho RG e CPF de João Silva para cadastro.,IDENTITY
Telefone de contato (61) 93677-8573 e CPF 275.646.846-41.,IDENTITY
Paciente em tratamento oncológico solicita benefício.,HEALTH
Esclarecimentos sobre multa aplicada ao imóvel.,FINANCIAL
Solicito atualização cadastral com CPF 581.456.518-52.,IDENTITY
Gostaria de saber se há vaga em escola pública.,CHILD
Solicito informações sobre vacinação infantil.,CHILD
Gostaria de saber o andamento do processo 65448-33/2022-91.,LEGAL
Meu nome é Carlos Santos e meu CPF é 547.509.861-66.,IDENTITY
Possuo doença crônica e preciso de licença.,HEALTH
Encaminho documentos para acesso ao processo legal.,LEGAL
Solicito informações sobre a denúncia registrada.,LEGAL
Solicito informações sobre vacinação infantil.,CHILD
Solicito pagamento de nota fiscal pendente.,FINANCIAL
Solicito atualização cadastral com CPF 520.473.792-40.,IDENTITY
Solicito informações sobre vacinação infantil.,CHILD
Encaminho laudo médico para afastamento.,HEALTH
Encaminho RG e CPF de Maria Oliveira para cadastro.,IDENTITY
Solicito atualização cadastral com CPF 744.689.299-99.,IDENTITY
Encaminho laudo médico para afastamento.,HEALTH
Meu nome é Ana Costa e meu CPF é 198.862.856-57.,IDENTITY
Solicito histórico de consumo do imóvel 771670-8.,FINANCIAL
Telefone de contato (61) 98921-8616 e CPF 376.730.927-78.,IDENTITY
Solicito revisão de débito financeiro.,FINANCIAL
Solicito revisão de débito financeiro.,FINANCIAL
Solicito análise médica para concessão de direito.,HEALTH
Meu filho menor de idade necessita de vaga em creche.,CHILD
Telefone de contato (61) 99565-6183 e CPF 140.734.183-63.,IDENTITY
Solicito pagamento de nota fiscal pendente.,FINANCIAL
Pedido de restituição de ICMS pago indevidamente.,FINANCIAL
Esclarecimentos sobre multa aplicada ao imóvel.,FINANCIAL
Paciente em tratamento oncológico solicita benefício.,HEALTH
Possuo doença crônica e preciso de licença.,HEALTH
Pedido de matrícula escolar para menor.,CHILD
Solicito acesso ao processo SEI nº 56861-66/2024-44.,LEGAL
Meu nome é Carlos Santos e meu CPF é 329.765.170-93.,IDENTITY
Solicito pagamento de nota fiscal pendente.,FINANCIAL
Pedido de restituição de ICMS pago indevidamente.,FINANCIAL
Meu filho menor de idade necessita de vaga em creche.,CHILD
Solicito análise médica para concessão de direito.,HEALTH
Solicito acesso ao processo SEI nº 58741-26/2019-25.,LEGAL
Meu filho menor de idade necessita de vaga em creche.,CHILD
Solicito análise médica para concessão de direito.,HEALTH
Solicito análise médica para concessão de direito.,HEALTH
Pedido de matrícula escolar para menor.,CHILD
Solicito pagamento de nota fiscal pendente.,FINANCIAL
Esclarecimentos sobre multa aplicada ao imóvel.,FINANCIAL
Documento pessoal de Ana Costa CPF 520.578.984-16.,IDENTITY
Solicito análise médica para concessão de direito.,HEALTH
Solicito revisão de débito financeiro.,FINANCIAL
Solicito revisão de débito financeiro.,FINANCIAL
Solicito pagamento de nota fiscal pendente.,FINANCIAL
Solicito informações sobre a denúncia registrada.,LEGAL
Meu nome é Carlos Santos e meu CPF é 972.790.979-78.,IDENTITY
Documento pessoal de Carlos Santos CPF 357.336.223-34.,IDENTITY
Encaminho laudo médico para afastamento.,HEALTH
Requeiro cópia integral do processo administrativo.,LEGAL
Solicito acesso ao processo SEI nº 23124-41/2018-44.,LEGAL
Gostaria de saber o andamento do processo 68827-32/2016-33.,LEGAL
Gostaria de saber o andamento do processo 37487-89/2019-97.,LEGAL
Solicito pagamento de nota fiscal pendente.,FINANCIAL
Encaminho documentos para acesso ao processo legal.,LEGAL
Encaminho RG e CPF de Carlos Santos para cadastro.,IDENTITY
Meu nome é João Silva e meu CPF é 405.681.717-23.,IDENTITY
Encaminho documentos para acesso ao processo legal.,LEGAL
Gostaria de saber se há vaga em escola pública.,CHILD
Possuo doença crônica e preciso de licença.,HEALTH
Requeiro cópia integral do processo administrativo.,LEGAL
Solicito histórico de consumo do imóvel 287497-5.,FINANCIAL
Pedido de matrícula escolar para menor.,CHILD
Paciente em tratamento oncológico solicita benefício.,HEALTH
Pedido de restituição de ICMS pago indevidamente.,FINANCIAL
Esclarecimentos sobre multa aplicada ao imóvel.,FINANCIAL
Encaminho laudo médico para afastamento.,HEALTH
Documento pessoal de Carlos Santos CPF 821.312.806-72.,IDENTITY
Estou em tratamento médico e solicito isenção.,HEALTH
Estou em tratamento médico e solicito isenção.,HEALTH
Solicito revisão de débito financeiro.,FINANCIAL
Meu filho menor de idade necessita de vaga em creche.,CHILD
Solicito informações sobre a denúncia registrada.,LEGAL
Solicito atualização cadastral com CPF 373.560.353-28.,IDENTITY
Solicito informações sobre a denúncia registrada.,LEGAL
Paciente em tratamento oncológico solicita benefício.,HEALTH
Meu filho menor de idade necessita de vaga em creche.,CHILD
Encaminho laudo médico para afastamento.,HEALTH
Solicito informações sobre a denúncia registrada.,LEGAL
Solicito pagamento de nota fiscal pendente.,FINANCIAL
Solicito atualização cadastral com CPF 137.565.190-50.,IDENTITY
Encaminho RG e CPF de Ana Costa para cadastro.,IDENTITY
Solicito pagamento de nota fiscal pendente.,FINANCIAL
Meu filho menor de idade necessita de vaga em creche.,CHILD
Gostaria de saber o andamento do processo 38752-62/2024-28.,LEGAL
Solicito atualização cadastral com CPF 210.602.829-66.,IDENTITY
Encaminho RG e CPF de Pedro Lima para cadastro.,IDENTITY
Solicito histórico de consumo do imóvel 325933-5.,FINANCIAL
Solicito pagamento de nota fiscal pendente.,FINANCIAL
Solicito pagamento de nota fiscal pendente.,FINANCIAL
Pedido de restituição de ICMS pago indevidamente.,FINANCIAL
Documento pessoal de Pedro Lima CPF 613.379.950-31.,IDENTITY
Criança menor necessita atendimento prioritário.,CHILD
Telefone de contato (61) 97484-5497 e CPF 816.402.122-94.,IDENTITY
Solicito acesso ao processo SEI nº 21807-75/2016-22.,LEGAL
Criança menor necessita atendimento prioritário.,CHILD
Criança menor necessita atendimento prioritário.,CHILD
Gostaria de saber se há vaga em escola pública.,CHILD
Encaminho laudo médico para afastamento.,HEALTH
Solicito revisão de débito financeiro.,FINANCIAL
Solicito análise médica para concessão de direito.,HEALTH
Documento pessoal de Fernanda Rocha CPF 866.788.368-84.,IDENTITY
Documento pessoal de Ana Costa CPF 261.564.103-43.,IDENTITY
Solicito informações sobre a denúncia registrada.,LEGAL
Solicito histórico de consumo do imóvel 645209-6.,FINANCIAL
Solicito atualização cadastral com CPF 643.672.709-50.,IDENTITY
Meu nome é Ana Costa e meu CPF é 324.280.923-99.,IDENTITY
Gostaria de saber o andamento do processo 66841-97/2017-53.,LEGAL
Telefone de contato (61) 92204-7329 e CPF 299.471.666-46.,IDENTITY
Solicito pagamento de nota fiscal pendente.,FINANCIAL
Meu filho menor de idade necessita de vaga em creche.,CHILD
Solicito pagamento de nota fiscal pendente.,FINANCIAL
Paciente em tratamento oncológico solicita benefício.,HEALTH
Telefone de contato (61) 96383-3417 e CPF 700.321.932-39.,IDENTITY
Solicito histórico de consumo do imóvel 719531-8.,FINANCIAL
Solicito atualização cadastral com CPF 306.947.651-44.,IDENTITY
Solicito pagamento de nota fiscal pendente.,FINANCIAL
Pedido de restituição de ICMS pago indevidamente.,FINANCIAL
Criança menor necessita atendimento prioritário.,CHILD
Solicito informações sobre vacinação infantil.,CHILD
Solicito análise médica para concessão de direito.,HEALTH
Solicito atualização cadastral com CPF 938.453.891-28.,IDENTITY
Gostaria de saber o andamento do processo 63562-42/2018-10.,LEGAL
Solicito informações sobre vacinação infantil.,CHILD
Estou em tratamento médico e solicito isenção.,HEALTH
Gostaria de saber se há vaga em escola pública.,CHILD
Solicito análise médica para concessão de direito.,HEALTH
Encaminho documentos para acesso ao processo legal.,LEGAL
Meu filho menor de idade necessita de vaga em creche.,CHILD
Estou em tratamento médico e solicito isenção.,HEALTH
Requeiro cópia integral do processo administrativo.,LEGAL
Solicito histórico de consumo do imóvel 310416-7.,FINANCIAL
Requeiro cópia integral do processo administrativo.,LEGAL
Solicito atualização cadastral com CPF 562.223.353-38.,IDENTITY
Gostaria de saber o andamento do processo 54914-62/2024-68.,LEGAL
Paciente em tratamento oncológico solicita benefício.,HEALTH
Gostaria de saber o andamento do processo 65194-48/2022-19.,LEGAL
Telefone de contato (61) 97771-6411 e CPF 753.338.153-22.,IDENTITY
Gostaria de saber se há vaga em escola pública.,CHILD
Encaminho RG e CPF de João Silva para cadastro.,IDENTITY
Solicito informações sobre a denúncia registrada.,LEGAL
Encaminho laudo médico para afastamento.,HEALTH
Gostaria de saber se há vaga em escola pública.,CHILD
Solicito acesso ao processo SEI nº 87430-71/2024-96.,LEGAL
Solicito revisão de débito financeiro.,FINANCIAL
Pedido de restituição de ICMS pago indevidamente.,FINANCIAL
Criança menor necessita atendimento prioritário.,CHILD
Gostaria de saber o andamento do processo 89220-36/2021-40.,LEGAL
Estou em tratamento médico e solicito isenção.,HEALTH
Encaminho RG e CPF de Fernanda Rocha para cadastro.,IDENTITY
Esclarecimentos sobre multa aplicada ao imóvel.,FINANCIAL
Solicito atualização cadastral com CPF 708.581.398-14.,IDENTITY
Paciente em tratamento oncológico solicita benefício.,HEALTH
Gostaria de saber o andamento do processo 51795-86/2018-13.,LEGAL
Criança menor necessita atendimento prioritário.,CHILD
Solicito histórico de consumo do imóvel 158760-5.,FINANCIAL
Telefone de contato (61) 93852-6922 e CPF 397.407.971-30.,IDENTITY
Solicito atualização cadastral com CPF 155.292.630-56.,IDENTITY
Possuo doença crônica e preciso de licença.,HEALTH
Pedido de restituição de ICMS pago indevidamente.,FINANCIAL
Telefone de contato (61) 94578-5054 e CPF 875.650.921-95.,IDENTITY
Gostaria de saber o andamento do processo 96154-58/2019-23.,LEGAL
Solicito acesso ao processo SEI nº 90125-60/2024-24.,LEGAL
Pedido de restituição de ICMS pago indevidamente.,FINANCIAL
Encaminho RG e CPF de Maria Oliveira para cadastro.,IDENTITY
Solicito informações sobre vacinação infantil.,CHILD
Solicito histórico de consumo do imóvel 169268-6.,FINANCIAL
Pedido de matrícula escolar para menor.,CHILD
Pedido de restituição de ICMS pago indevidamente.,FINANCIAL
Encaminho RG e CPF de Fernanda Rocha para cadastro.,IDENTITY
Meu nome é Maria Oliveira e meu CPF é 408.316.885-27.,IDENTITY
Pedido de restituição de ICMS pago indevidamente.,FINANCIAL
Estou em tratamento médico e solicito isenção.,HEALTH
Meu nome é Carlos Santos e meu CPF é 561.349.868-69.,IDENTITY
Solicito informações sobre vacinação infantil.,CHILD
Pedido de matrícula escolar para menor.,CHILD
Solicito acesso ao processo SEI nº 43901-62/2021-67.,LEGAL
Solicito informações sobre a denúncia registrada.,LEGAL
Meu nome é Ana Costa e meu CPF é 517.438.655-69.,IDENTITY
Gostaria de saber o andamento do processo 74542-27/2021-23.,LEGAL
Solicito atualização cadastral com CPF 488.943.335-41.,IDENTITY
Criança menor necessita atendimento prioritário.,CHILD
Gostaria de saber se há vaga em escola pública.,CHILD
Possuo doença crônica e preciso de licença.,HEALTH
Solicito acesso ao processo SEI nº 97304-94/2017-25.,LEGAL
Solicito pagamento de nota fiscal pendente.,FINANCIAL
Possuo doença crônica e preciso de licença.,HEALTH
Requeiro cópia integral do processo administrativo.,LEGAL
Solicito informações sobre a denúncia registrada.,LEGAL
Meu filho menor de idade necessita de vaga em creche.,CHILD
Meu nome é Maria Oliveira e meu CPF é 168.341.897-92.,IDENTITY
Meu nome é Fernanda Rocha e meu CPF é 984.975.192-88.,IDENTITY
Paciente em tratamento oncológico solicita benefício.,HEALTH
Encaminho RG e CPF de Ana Costa para cadastro.,IDENTITY
Encaminho documentos para acesso ao processo legal.,LEGAL
Pedido de matrícula escolar para menor.,CHILD
Meu nome é Pedro Lima e meu CPF é 852.874.440-27.,IDENTITY
Pedido de restituição de ICMS pago indevidamente.,FINANCIAL
Solicito acesso ao processo SEI nº 61000-91/2015-21.,LEGAL
Possuo doença crônica e preciso de licença.,HEALTH
Gostaria de saber o andamento do processo 39145-97/2023-91.,LEGAL
Telefone de contato (61) 98579-5092 e CPF 243.532.287-45.,IDENTITY
Gostaria de saber se há vaga em escola pública.,CHILD
Estou em tratamento médico e solicito isenção.,HEALTH
Criança menor necessita atendimento prioritário.,CHILD
Esclarecimentos sobre multa aplicada ao imóvel.,FINANCIAL
Solicito histórico de consumo do imóvel 269833-2.,FINANCIAL
Solicito análise médica para concessão de direito.,HEALTH
Encaminho RG e CPF de Pedro Lima para cadastro.,IDENTITY
Telefone de contato (61) 95331-8932 e CPF 792.890.988-97.,IDENTITY
Gostaria de saber o andamento do processo 63948-17/2019-93.,LEGAL
Criança menor necessita atendimento prioritário.,CHILD
Paciente em tratamento oncológico solicita benefício.,HEALTH
Solicito análise médica para concessão de direito.,HEALTH
Gostaria de saber se há vaga em escola pública.,CHILD
Encaminho RG e CPF de Ana Costa para cadastro.,IDENTITY
Gostaria de saber o andamento do processo 50508-32/2022-14.,LEGAL
Paciente em tratamento oncológico solicita benefício.,HEALTH
Solicito histórico de consumo do imóvel 350224-9.,FINANCIAL
Possuo doença crônica e preciso de licença.,HEALTH
Encaminho RG e CPF de Pedro Lima para cadastro.,IDENTITY
Telefone de contato (61) 92079-6401 e CPF 908.746.762-52.,IDENTITY
Requeiro cópia integral do processo administrativo.,LEGAL
Requeiro cópia integral do processo administrativo.,LEGAL
Paciente em tratamento oncológico solicita benefício.,HEALTH
Meu filho menor de idade necessita de vaga em creche.,CHILD
Solicito atualização cadastral com CPF 796.310.834-84.,IDENTITY
Telefone de contato (61) 98972-9633 e CPF 453.540.213-46.,IDENTITY
Estou em tratamento médico e solicito isenção.,HEALTH
Paciente em tratamento oncológico solicita benefício.,HEALTH
Solicito atualização cadastral com CPF 999.587.588-93.,IDENTITY
Encaminho documentos para acesso ao processo legal.,LEGAL
Encaminho laudo médico para afastamento.,HEALTH
Paciente em tratamento oncológico solicita benefício.,HEALTH
Estou em tratamento médico e solicito isenção.,HEALTH
Solicito análise médica para concessão de direito.,HEALTH
Pedido de matrícula escolar para menor.,CHILD
Esclarecimentos sobre multa aplicada ao imóvel.,FINANCIAL
Gostaria de saber se há vaga em escola pública.,CHILD
Documento pessoal de Maria Oliveira CPF 378.443.427-79.,IDENTITY
Gostaria de saber se há vaga em escola pública.,CHILD
Documento pessoal de Maria Oliveira CPF 265.430.826-38.,IDENTITY
Pedido de matrícula escolar para menor.,CHILD
Meu nome é Carlos Santos e meu CPF é 439.789.212-63.,IDENTITY
Meu nome é João Silva e meu CPF é 824.746.160-39.,IDENTITY
Esclarecimentos sobre multa aplicada ao imóvel.,FINANCIAL
Documento pessoal de Ana Costa CPF 597.129.498-53.,IDENTITY
Solicito informações sobre vacinação infantil.,CHILD
Criança menor necessita atendimento prioritário.,CHILD
Solicito revisão de débito financeiro.,FINANCIAL
Criança menor necessita atendimento prioritário.,CHILD
Pedido de restituição de ICMS pago indevidamente.,FINANCIAL
Requeiro cópia integral do processo administrativo.,LEGAL
Encaminho laudo médico para afastamento.,HEALTH
Pedido de matrícula escolar para menor.,CHILD
Encaminho documentos para acesso ao processo legal.,LEGAL
Encaminho RG e CPF de Pedro Lima para cadastro.,IDENTITY
Criança menor necessita atendimento prioritário.,CHILD
Solicito revisão de débito financeiro.,FINANCIAL
Solicito informações sobre vacinação infantil.,CHILD
Requeiro cópia integral do processo administrativo.,LEGAL
Gostaria de saber o andamento do processo 66420-23/2015-22.,LEGAL
Documento pessoal de Pedro Lima CPF 416.782.518-51.,IDENTITY
Gostaria de saber se há vaga em escola pública.,CHILD
Gostaria de saber o andamento do processo 94663-75/2017-30.,LEGAL
Solicito pagamento de nota fiscal pendente.,FINANCIAL
Solicito informações sobre vacinação infantil.,CHILD
Meu filho menor de idade necessita de vaga em creche.,CHILD
Possuo doença crônica e preciso de licença.,HEALTH
Gostaria de saber se há vaga em escola pública.,CHILD
Meu nome é Maria Oliveira e meu CPF é 650.502.641-26.,IDENTITY
Criança menor necessita atendimento prioritário.,CHILD
Criança menor necessita atendimento prioritário.,CHILD
Solicito pagamento de nota fiscal pendente.,FINANCIAL
Gostaria de saber se há vaga em escola pública.,CHILD
Gostaria de saber se há vaga em escola pública.,CHILD
Pedido de restituição de ICMS pago indevidamente.,FINANCIAL
Solicito informações sobre vacinação infantil.,CHILD
Documento pessoal de Fernanda Rocha CPF 426.851.981-54.,IDENTITY
Criança menor necessita atendimento prioritário.,CHILD
Solicito atualização cadastral com CPF 225.238.973-19.,IDENTITY
Gostaria de saber se há vaga em escola pública.,CHILD
Meu filho menor de idade necessita de vaga em creche.,CHILD
Solicito análise médica para concessão de direito.,HEALTH
Telefone de contato (61) 91430-5381 e CPF 728.791.758-81.,IDENTITY
Solicito informações sobre a denúncia registrada.,LEGAL
Paciente em tratamento oncológico solicita benefício.,HEALTH
Solicito atualização cadastral com CPF 326.729.144-94.,IDENTITY
Esclarecimentos sobre multa aplicada ao imóvel.,FINANCIAL
Esclarecimentos sobre multa aplicada ao imóvel.,FINANCIAL
Paciente em tratamento oncológico solicita benefício.,HEALTH
Pedido de restituição de ICMS pago indevidamente.,FINANCIAL
Encaminho laudo médico para afastamento.,HEALTH
Paciente em tratamento oncológico solicita benefício.,HEALTH
Documento pessoal de João Silva CPF 547.964.208-41.,IDENTITY
Encaminho RG e CPF de Carlos Santos para cadastro.,IDENTITY
Meu nome é João Silva e meu CPF é 853.290.611-76.,IDENTITY
Esclarecimentos sobre multa aplicada ao imóvel.,FINANCIAL
Pedido de matrícula escolar para menor.,CHILD
Encaminho documentos para acesso ao processo legal.,LEGAL
Estou em tratamento médico e solicito isenção.,HEALTH
Criança menor necessita atendimento prioritário.,CHILD
Paciente em tratamento oncológico solicita benefício.,HEALTH
Solicito atualização cadastral com CPF 569.246.371-27.,IDENTITY
Gostaria de saber se há vaga em escola pública.,CHILD
Solicito atualização cadastral com CPF 632.925.651-97.,IDENTITY
Solicito histórico de consumo do imóvel 324319-7.,FINANCIAL
Solicito análise médica para concessão de direito.,HEALTH
Solicito acesso ao processo SEI nº 11056-99/2020-25.,LEGAL
Gostaria de saber o andamento do processo 84905-96/2024-28.,LEGAL
Encaminho laudo médico para afastamento.,HEALTH
Solicito histórico de consumo do imóvel 811257-9.,FINANCIAL
Encaminho laudo médico para afastamento.,HEALTH
Possuo doença crônica e preciso de licença.,HEALTH
Criança menor necessita atendimento prioritário.,CHILD
Solicito informações sobre a denúncia registrada.,LEGAL
Encaminho laudo médico para afastamento.,HEALTH
Solicito acesso ao processo SEI nº 96585-46/2019-40.,LEGAL
Pedido de restituição de ICMS pago indevidamente.,FINANCIAL
Documento pessoal de Carlos Santos CPF 554.881.178-83.,IDENTITY
Encaminho laudo médico para afastamento.,HEALTH
Possuo doença crônica e preciso de licença.,HEALTH
Solicito informações sobre vacinação infantil.,CHILD
Pedido de restituição de ICMS pago indevidamente.,FINANCIAL
Meu filho menor de idade necessita de vaga em creche.,CHILD
Solicito histórico de consumo do imóvel 252436-1.,FINANCIAL
Documento pessoal de Ana Costa CPF 717.834.536-31.,IDENTITY
Documento pessoal de João Silva CPF 844.534.180-65.,IDENTITY
Estou em tratamento médico e solicito isenção.,HEALTH
Gostaria de saber se há vaga em escola pública.,CHILD
Solicito análise médica para concessão de direito.,HEALTH
Paciente em tratamento oncológico solicita benefício.,HEALTH
Gostaria de saber o andamento do processo 24945-22/2018-10.,LEGAL
Pedido de restituição de ICMS pago indevidamente.,FINANCIAL
Requeiro cópia integral do processo administrativo.,LEGAL
Documento pessoal de Fernanda Rocha CPF 468.809.341-17.,IDENTITY
Documento pessoal de Pedro Lima CPF 157.460.619-19.,IDENTITY
Criança menor necessita atendimento prioritário.,CHILD
Paciente em tratamento oncológico solicita benefício.,HEALTH
Encaminho RG e CPF de Maria Oliveira para cadastro.,IDENTITY
Solicito informações sobre vacinação infantil.,CHILD
Solicito atualização cadastral com CPF 339.652.322-17.,IDENTITY
Paciente em tratamento oncológico solicita benefício.,HEALTH
Requeiro cópia integral do processo administrativo.,LEGAL
Gostaria de saber o andamento do processo 43640-23/2015-16.,LEGAL
Esclarecimentos sobre multa aplicada ao imóvel.,FINANCIAL
Telefone de contato (61) 96179-3473 e CPF 750.739.430-90.,IDENTITY
Telefone de contato (61) 96417-3662 e CPF 379.297.928-24.,IDENTITY
Requeiro cópia integral do processo administrativo.,LEGAL
Solicito histórico de consumo do imóvel 921533-8.,FINANCIAL
Requeiro cópia integral do processo administrativo.,LEGAL
Solicito histórico de consumo do imóvel 553214-7.,FINANCIAL
Solicito informações sobre vacinação infantil.,CHILD
Encaminho laudo médico para afastamento.,HEALTH
Pedido de matrícula escolar para menor.,CHILD
Meu filho menor de idade necessita de vaga em creche.,CHILD
Criança menor necessita atendimento prioritário.,CHILD
Documento pessoal de Maria Oliveira CPF 786.819.948-97.,IDENTITY
Solicito análise médica para concessão de direito.,HEALTH
Solicito revisão de débito financeiro.,FINANCIAL
Paciente em tratamento oncológico solicita benefício.,HEALTH
Possuo doença crônica e preciso de licença.,HEALTH
Encaminho laudo médico para afastamento.,HEALTH
Meu filho menor de idade necessita de vaga em creche.,CHILD
Solicito acesso ao processo SEI nº 27367-21/2017-65.,LEGAL
Encaminho laudo médico para afastamento.,HEALTH
Meu filho menor de idade necessita de vaga em creche.,CHILD
Possuo doença crônica e preciso de licença.,HEALTH
Meu filho menor de idade necessita de vaga em creche.,CHILD
Pedido de matrícula escolar para menor.,CHILD
Paciente em tratamento oncológico solicita benefício.,HEALTH
Gostaria de saber se há vaga em escola pública.,CHILD
Possuo doença crônica e preciso de licença.,HEALTH
Gostaria de saber o andamento do processo 67658-31/2018-19.,LEGAL
Gostaria de saber se há vaga em escola pública.,CHILD
Solicito pagamento de nota fiscal pendente.,FINANCIAL
Encaminho documentos para acesso ao processo legal.,LEGAL
Meu filho menor de idade necessita de vaga em creche.,CHILD
Esclarecimentos sobre multa aplicada ao imóvel.,FINANCIAL
Solicito pagamento de nota fiscal pendente.,FINANCIAL
Documento pessoal de Carlos Santos CPF 106.285.990-28.,IDENTITY
Encaminho laudo médico para afastamento.,HEALTH
Requeiro cópia integral do processo administrativo.,LEGAL
Gostaria de saber se há vaga em escola pública.,CHILD
Estou em tratamento médico e solicito isenção.,HEALTH
Solicito análise médica para concessão de direito.,HEALTH
Solicito acesso ao processo SEI nº 85067-86/2021-78.,LEGAL
Pedido de matrícula escolar para menor.,CHILD
Gostaria de saber se há vaga em escola pública.,CHILD
Solicito acesso ao processo SEI nº 32865-80/2017-52.,LEGAL
Solicito análise médica para concessão de direito.,HEALTH
Estou em tratamento médico e solicito isenção.,HEALTH
Gostaria de saber o andamento do processo 77045-94/2020-81.,LEGAL
Encaminho laudo médico para afastamento.,HEALTH
Solicito revisão de débito financeiro.,FINANCIAL
Criança menor necessita atendimento prioritário.,CHILD
Solicito análise médica para concessão de direito.,HEALTH
Solicito acesso ao processo SEI nº 41142-75/2019-98.,LEGAL
Requeiro cópia integral do processo administrativo.,LEGAL
Possuo doença crônica e preciso de licença.,HEALTH
Solicito análise médica para concessão de direito.,HEALTH
Estou em tratamento médico e solicito isenção.,HEALTH
Solicito informações sobre a denúncia registrada.,LEGAL
Gostaria de saber o andamento do processo 26805-95/2018-22.,LEGAL
Solicito informações sobre a denúncia registrada.,LEGAL
Solicito informações sobre a denúncia registrada.,LEGAL
Pedido de matrícula escolar para menor.,CHILD
Gostaria de saber se há vaga em escola pública.,CHILD
Esclarecimentos sobre multa aplicada ao imóvel.,FINANCIAL
Solicito acesso ao processo SEI nº 54676-56/2015-38.,LEGAL
Solicito pagamento de nota fiscal pendente.,FINANCIAL
Estou em tratamento médico e solicito isenção.,HEALTH
Solicito informações sobre vacinação infantil.,CHILD
Gostaria de saber se há vaga em escola pública.,CHILD
Pedido de matrícula escolar para menor.,CHILD
Encaminho laudo médico para afastamento.,HEALTH
Pedido de matrícula escolar para menor.,CHILD
Solicito informações sobre vacinação infantil.,CHILD
Paciente em tratamento oncológico solicita benefício.,HEALTH
Gostaria de saber se há vaga em escola pública.,CHILD
Solicito pagamento de nota fiscal pendente.,FINANCIAL
Gostaria de saber se há vaga em escola pública.,CHILD
Solicito histórico de consumo do imóvel 349461-2.,FINANCIAL
Paciente em tratamento oncológico solicita benefício.,HEALTH
Meu nome é João Silva e meu CPF é 432.915.157-47.,IDENTITY
Solicito informações sobre a denúncia registrada.,LEGAL
Solicito análise médica para concessão de direito.,HEALTH
Telefone de contato (61) 91674-1464 e CPF 719.445.962-82.,IDENTITY
Solicito pagamento de nota fiscal pendente.,FINANCIAL
Meu nome é João Silva e meu CPF é 710.544.453-50.,IDENTITY
Solicito pagamento de nota fiscal pendente.,FINANCIAL
Encaminho RG e CPF de Ana Costa para cadastro.,IDENTITY
Encaminho laudo médico para afastamento.,HEALTH
Gostaria de saber se há vaga em escola pública.,CHILD
Pedido de matrícula escolar para menor.,CHILD
Solicito informações sobre vacinação infantil.,CHILD
Criança menor necessita atendimento prioritário.,CHILD
Encaminho laudo médico para afastamento.,HEALTH
Documento pessoal de Pedro Lima CPF 326.763.164-91.,IDENTITY
Esclarecimentos sobre multa aplicada ao imóvel.,FINANCIAL
Requeiro cópia integral do processo administrativo.,LEGAL
Encaminho laudo médico para afastamento.,HEALTH
Esclarecimentos sobre multa aplicada ao imóvel.,FINANCIAL
Solicito análise médica para concessão de direito.,HEALTH
Solicito histórico de consumo do imóvel 517885-9.,FINANCIAL
Pedido de restituição de ICMS pago indevidamente.,FINANCIAL
Solicito informações sobre vacinação infantil.,CHILD
Gostaria de saber o andamento do processo 82173-93/2020-42.,LEGAL
Requeiro cópia integral do processo administrativo.,LEGAL
Estou em tratamento médico e solicito isenção.,HEALTH
Gostaria de saber o andamento do processo 36698-62/2023-81.,LEGAL
Possuo doença crônica e preciso de licença.,HEALTH
Meu filho menor de idade necessita de vaga em creche.,CHILD
Solicito acesso ao processo SEI nº 82487-58/2021-33.,LEGAL
Documento pessoal de Fernanda Rocha CPF 733.982.470-83.,IDENTITY
Solicito análise médica para concessão de direito.,HEALTH
Paciente em tratamento oncológico solicita benefício.,HEALTH
Criança menor necessita atendimento prioritário.,CHILD
Paciente em tratamento oncológico solicita benefício.,HEALTH
Possuo doença crônica e preciso de licença.,HEALTH
Solicito pagamento de nota fiscal pendente.,FINANCIAL
Solicito análise médica para concessão de direito.,HEALTH
Encaminho laudo médico para afastamento.,HEALTH
Encaminho RG e CPF de Carlos Santos para cadastro.,IDENTITY
Pedido de matrícula escolar para menor.,CHILD
Possuo doença crônica e preciso de licença.,HEALTH
Solicito pagamento de nota fiscal pendente.,FINANCIAL
Esclarecimentos sobre multa aplicada ao imóvel.,FINANCIAL
Solicito revisão de débito financeiro.,FINANCIAL
Telefone de contato (61) 97389-7865 e CPF 588.106.460-48.,IDENTITY
Solicito atualização cadastral com CPF 283.854.440-62.,IDENTITY
Possuo doença crônica e preciso de licença.,HEALTH
Criança menor necessita atendimento prioritário.,CHILD
Encaminho documentos para acesso ao processo legal.,LEGAL
Telefone de contato (61) 98873-7081 e CPF 993.356.153-92.,IDENTITY
Telefone de contato (61) 95905-2697 e CPF 641.108.783-80.,IDENTITY
Pedido de matrícula escolar para menor.,CHILD
Solicito informações sobre a denúncia registrada.,LEGAL
Solicito revisão de débito financeiro.,FINANCIAL
Paciente em tratamento oncológico solicita benefício.,HEALTH
Solicito acesso ao processo SEI nº 57118-27/2020-71.,LEGAL
Requeiro cópia integral do processo administrativo.,LEGAL
Esclarecimentos sobre multa aplicada ao imóvel.,FINANCIAL
Solicito análise médica para concessão de direito.,HEALTH
Solicito informações sobre a denúncia registrada.,LEGAL
Solicito pagamento de nota fiscal pendente.,FINANCIAL
Solicito histórico de consumo do imóvel 169429-3.,FINANCIAL
Telefone de contato (61) 95720-4893 e CPF 723.640.533-24.,IDENTITY
Documento pessoal de Fernanda Rocha CPF 703.878.637-86.,IDENTITY
Solicito pagamento de nota fiscal pendente.,FINANCIAL
Possuo doença crônica e preciso de licença.,HEALTH
Documento pessoal de João Silva CPF 696.779.244-54.,IDENTITY
Meu filho menor de idade necessita de vaga em creche.,CHILD
Esclarecimentos sobre multa aplicada ao imóvel.,FINANCIAL
Solicito informações sobre vacinação infantil.,CHILD
Pedido de matrícula escolar para menor.,CHILD
Solicito atualização cadastral com CPF 551.448.288-16.,IDENTITY
Gostaria de saber se há vaga em escola pública.,CHILD
Telefone de contato (61) 97932-4470 e CPF 371.640.993-87.,IDENTITY
Documento pessoal de Maria Oliveira CPF 999.948.898-80.,IDENTITY
Meu nome é Maria Oliveira e meu CPF é 788.417.330-35.,IDENTITY
Solicito revisão de débito financeiro.,FINANCIAL
Gostaria de saber o andamento do processo 28350-78/2018-43.,LEGAL
Meu nome é Fernanda Rocha e meu CPF é 402.476.729-38.,IDENTITY
Solicito análise médica para concessão de direito.,HEALTH
Solicito informações sobre a denúncia registrada.,LEGAL
Possuo doença crônica e preciso de licença.,HEALTH
Encaminho RG e CPF de Ana Costa para cadastro.,IDENTITY
Pedido de matrícula escolar para menor.,CHILD
Encaminho documentos para acesso ao processo legal.,LEGAL
Possuo doença crônica e preciso de licença.,HEALTH
Encaminho laudo médico para afastamento.,HEALTH
Paciente em tratamento oncológico solicita benefício.,HEALTH
Requeiro cópia integral do processo administrativo.,LEGAL
Solicito análise médica para concessão de direito.,HEALTH
Requeiro cópia integral do processo administrativo.,LEGAL
Paciente em tratamento oncológico solicita benefício.,HEALTH
Esclarecimentos sobre multa aplicada ao imóvel.,FINANCIAL
Solicito pagamento de nota fiscal pendente.,FINANCIAL
Criança menor necessita atendimento prioritário.,CHILD
Pedido de matrícula escolar para menor.,CHILD
Meu filho menor de idade necessita de vaga em creche.,CHILD
Gostaria de saber o andamento do processo 48219-82/2019-89.,LEGAL
Solicito informações sobre a denúncia registrada.,LEGAL
Documento pessoal de Ana Costa CPF 174.805.161-30.,IDENTITY
Solicito pagamento de nota fiscal pendente.,FINANCIAL
Encaminho laudo médico para afastamento.,HEALTH
Solicito histórico de consumo do imóvel 304206-1.,FINANCIAL
Encaminho laudo médico para afastamento.,HEALTH
Solicito pagamento de nota fiscal pendente.,FINANCIAL
Criança menor necessita atendimento prioritário.,CHILD
Possuo doença crônica e preciso de licença.,HEALTH
Telefone de contato (61) 97240-9692 e CPF 699.661.829-51.,IDENTITY
Esclarecimentos sobre multa aplicada ao imóvel.,FINANCIAL
Solicito informações sobre a denúncia registrada.,LEGAL
Meu nome é João Silva e meu CPF é 323.338.617-87.,IDENTITY
Meu filho menor de idade necessita de vaga em creche.,CHILD
Criança menor necessita atendimento prioritário.,CHILD
Pedido de restituição de ICMS pago indevidamente.,FINANCIAL
Telefone de contato (61) 94912-7274 e CPF 566.429.990-34.,IDENTITY
Gostaria de saber o andamento do processo 12125-43/2023-84.,LEGAL
Meu nome é Carlos Santos e meu CPF é 459.756.621-61.,IDENTITY
Estou em tratamento médico e solicito isenção.,HEALTH
Solicito revisão de débito financeiro.,FINANCIAL
Solicito revisão de débito financeiro.,FINANCIAL
Solicito histórico de consumo do imóvel 699378-3.,FINANCIAL
Solicito acesso ao processo SEI nº 73806-15/2019-93.,LEGAL
Documento pessoal de Ana Costa CPF 134.693.473-26.,IDENTITY
Gostaria de saber o andamento do processo 60556-98/2022-63.,LEGAL
Criança menor necessita atendimento prioritário.,CHILD
Esclarecimentos sobre multa aplicada ao imóvel.,FINANCIAL
Requeiro cópia integral do processo administrativo.,LEGAL
Possuo doença crônica e preciso de licença.,HEALTH
Requeiro cópia integral do processo administrativo.,LEGAL
Encaminho RG e CPF de João Silva para cadastro.,IDENTITY
Requeiro cópia integral do processo administrativo.,LEGAL
Possuo doença crônica e preciso de licença.,HEALTH
Requeiro cópia integral do processo administrativo.,LEGAL
Solicito acesso ao processo SEI nº 87580-82/2015-65.,LEGAL
Documento pessoal de Pedro Lima CPF 108.967.210-65.,IDENTITY
Criança menor necessita atendimento prioritário.,CHILD
Solicito informações sobre vacinação infantil.,CHILD
Estou em tratamento médico e solicito isenção.,HEALTH
Pedido de matrícula escolar para menor.,CHILD
Solicito pagamento de nota fiscal pendente.,FINANCIAL
Gostaria de saber se há vaga em escola pública.,CHILD
Solicito pagamento de nota fiscal pendente.,FINANCIAL
Meu filho menor de idade necessita de vaga em creche.,CHILD
Gostaria de saber o andamento do processo 41056-36/2024-98.,LEGAL
Solicito pagamento de nota fiscal pendente.,FINANCIAL
Criança menor necessita atendimento prioritário.,CHILD
Solicito histórico de consumo do imóvel 326956-8.,FINANCIAL
Solicito análise médica para concessão de direito.,HEALTH
Documento pessoal de João Silva CPF 677.214.163-80.,IDENTITY
Possuo doença crônica e preciso de licença.,HEALTH
Encaminho laudo médico para afastamento.,HEALTH
Pedido de restituição de ICMS pago indevidamente.,FINANCIAL
Paciente em tratamento oncológico solicita benefício.,HEALTH
Pedido de restituição de ICMS pago indevidamente.,FINANCIAL
Documento pessoal de Carlos Santos CPF 448.386.710-99.,IDENTITY
Solicito revisão de débito financeiro.,FINANCIAL
Esclarecimentos sobre multa aplicada ao imóvel.,FINANCIAL
Meu filho menor de idade necessita de vaga em creche.,CHILD
Encaminho laudo médico para afastamento.,HEALTH
Solicito acesso ao processo SEI nº 95915-21/2016-10.,LEGAL
Meu nome é Ana Costa e meu CPF é 371.902.903-68.,IDENTITY
Solicito informações sobre a denúncia registrada.,LEGAL
Solicito histórico de consumo do imóvel 332873-7.,FINANCIAL
Telefone de contato (61) 99938-5745 e CPF 732.754.131-73.,IDENTITY
Encaminho documentos para acesso ao processo legal.,LEGAL
Meu filho menor de idade necessita de vaga em creche.,CHILD
Solicito atualização cadastral com CPF 677.159.672-69.,IDENTITY
Solicito informações sobre a denúncia registrada.,LEGAL
Solicito informações sobre vacinação infantil.,CHILD
Esclarecimentos sobre multa aplicada ao imóvel.,FINANCIAL
Solicito revisão de débito financeiro.,FINANCIAL
Encaminho documentos para acesso ao processo legal.,LEGAL
Solicito análise médica para concessão de direito.,HEALTH
Solicito acesso ao processo SEI nº 61877-52/2018-16.,LEGAL
Solicito análise médica para concessão de direito.,HEALTH
Documento pessoal de Carlos Santos CPF 284.319.449-72.,IDENTITY
Estou em tratamento médico e solicito isenção.,HEALTH
Criança menor necessita atendimento prioritário.,CHILD
Meu nome é Fernanda Rocha e meu CPF é 317.757.754-86.,IDENTITY
Encaminho documentos para acesso ao processo legal.,LEGAL
Solicito atualização cadastral com CPF 782.109.923-69.,IDENTITY
Solicito revisão de débito financeiro.,FINANCIAL
Requeiro cópia integral do processo administrativo.,LEGAL
Gostaria de saber o andamento do processo 51220-12/2018-85.,LEGAL
Solicito revisão de débito financeiro.,FINANCIAL
Encaminho RG e CPF de João Silva para cadastro.,IDENTITY
Possuo doença crônica e preciso de licença.,HEALTH
Meu nome é João Silva e meu CPF é 871.969.342-31.,IDENTITY
Paciente em tratamento oncológico solicita benefício.,HEALTH
Telefone de contato (61) 91653-8078 e CPF 605.548.182-86.,IDENTITY
Meu nome é Fernanda Rocha e meu CPF é 766.998.887-80.,IDENTITY
Gostaria de saber o andamento do processo 29735-10/2021-13.,LEGAL
Criança menor necessita atendimento prioritário.,CHILD
Esclarecimentos sobre multa aplicada ao imóvel.,FINANCIAL
Documento pessoal de João Silva CPF 229.859.531-77.,IDENTITY
